<?xml version="1.0" encoding="UTF-8" ?>
<!-- Generated by Oracle SOA Modeler version 1.0 at [9/12/11 9:33 PM]. -->
<composite name="SpringCallingBPEL"
           revision="1.0"
           label="2011-09-12_21-33-56_697"
           mode="active"
           state="on"
           xmlns="http://xmlns.oracle.com/sca/1.0"
           xmlns:xs="http://www.w3.org/2001/XMLSchema"
           xmlns:wsp="http://schemas.xmlsoap.org/ws/2004/09/policy"
           xmlns:orawsp="http://schemas.oracle.com/ws/2006/01/policy"
           xmlns:ui="http://xmlns.oracle.com/soa/designer/">
  <import namespace="http://xmlns.oracle.com/SpringSamples/SpringCallingBPEL/SimpleSyncProcess"
          location="SimpleSyncProcess.wsdl" importType="wsdl"/>
  <import namespace="http://spring.samples.soa.oracle.com/"
          location="IHelloWorld.wsdl" importType="wsdl"/>
  <service name="SimpleSpringService" ui:wsdlLocation="IHelloWorld.wsdl">
    <interface.wsdl interface="http://spring.samples.soa.oracle.com/#wsdl.interface(IHelloWorld)"/>
    <binding.ws port="http://spring.samples.soa.oracle.com/#wsdl.endpoint(SimpleSpringService/IHelloWorld_pt)"/>
  </service>
  <component name="SpringCallingBPEL">
    <implementation.spring src="SpringCallingBPEL.xml"/>
  </component>
  <component name="SimpleSyncProcess" version="1.1">
    <implementation.bpel src="SimpleSyncProcess.bpel"/>
  </component>
  <wire>
    <source.uri>SpringCallingBPEL/SimpleSyncProcess.simplesyncprocess_client</source.uri>
    <target.uri>SimpleSyncProcess/simplesyncprocess_client</target.uri>
  </wire>
  <wire>
    <source.uri>SimpleSpringService</source.uri>
    <target.uri>SpringCallingBPEL/SimpleSpringService</target.uri>
  </wire>
</composite>
